Distance,AUROC,AUPRC
1,0.5780821917808219,0.18064327485380116
5,0.49018633540372675,0.22117293211119426
6,0.5108286252354048,0.22643790376265457
7,0.4985632183908046,0.22637416229401264
8,0.5301318267419962,0.23361211796290818
